Workbook

Sheet #SLH1
A21: Day | C21: Mon | D21: Tue | E21: Wed | F21: Thu | G21: Fri | H21: Sat | I21: Sun | J21: Mon | K21: Tue | L21: Wed | M21: Thu | N21: Fri | O21: Sat | P21: Sun | Q21: Mon | R21: Tue | S21: Wed | T21: Thu | U21: Fri | V21: Sat | W21: Sun | X21: Mon | Y21: Tue | Z21: Wed | AA21: Thu | AB21: Fri | AC21: Sat | AD21: Sun | AE21: Mon | AF21: Tue | AG21: Wed | AH21: Total No of Error | AI21: Percentage | AJ21: Remark : Top 3 Error Station
A22: Date | C22: 46143 | D22: 46144 | E22: 46145 | F22: 46146 | G22: 46147 | H22: 46148 | I22: 46149 | J22: 46150 | K22: 46151 | L22: 46152 | M22: 46153 | N22: 46154 | O22: 46155 | P22: 46156 | Q22: 46157 | R22: 46158 | S22: 46159 | T22: 46160 | U22: 46161 | V22: 46162 | W22: 46163 | X22: 46164 | Y22: 46165 | Z22: 46166 | AA22: 46167 | AB22: 46168 | AC22: 46169 | AD22: 46170 | AE22: 46171 | AF22: 46172 | AG22: 46173
A23: Total Unit | C23: =SUMIF($A40:$A336,C22,$B40:$B336) -> 1671 | D23: =SUMIF($A40:$A336,D22,$B40:$B336) -> 6329 | E23: =SUMIF($A40:$A336,E22,$B40:$B336) -> 4008 | F23: =SUMIF($A40:$A336,F22,$B40:$B336) -> 17417 | G23: =SUMIF($A40:$A336,G22,$B40:$B336) -> 687 | H23: =SUMIF($A40:$A336,H22,$B40:$B336) -> 0 | I23: =SUMIF($A40:$A336,I22,$B40:$B336) -> 0 | J23: =SUMIF($A40:$A336,J22,$B40:$B336) -> 15510 | ... AG23: =SUMIF($A40:$A336,AG22,$B40:$B336) -> 0 | AI23: =SUM(C23:AG23) -> 147846
A24: Jam count | C24: =SUM(C26:C36) -> 0 | D24: =SUM(D26:D36) -> 1 | E24: =SUM(E26:E36) -> 1 | F24: =SUM(F26:F36) -> 4 | G24: =SUM(G26:G36) -> 1 | H24: =SUM(H26:H36) -> 0 | I24: =SUM(I26:I36) -> 0 | J24: =SUM(J26:J36) -> 3 | ... AC24: =SUM(AC26:AC36) -> 1 | AD24: 0 | AE24: 0 | AF24: 0 | AG24: 0 | AH24: =SUBTOTAL(9,C24:AG24) -> 30 | AI24: TOTAL QTY JAM
A25: PPJ | C25: =IF(C24=0, C23, C23/C24) -> 1671 | D25: =IF(D24=0, D23, D23/D24) -> 6329 | E25: =IF(E24=0, E23, E23/E24) -> 4008 | F25: =IF(F24=0, F23, F23/F24) -> 4354.25 | G25: =IF(G24=0, G23, G23/G24) -> 687 | H25: =IF(H24=0, H23, H23/H24) -> 0 | I25: =IF(I24=0, I23, I23/I24) -> 0 | J25: =IF(J24=0, J23, J23/J24) -> 5170 | ... AG25: =IF(AG24=0, AG23, AG23/AG24) -> 0 | AI25: =AI23/AH37 -> 4928.2
A26: Stacker | C26: 0 | D26: 0 | E26: 1 | F26: 0 | G26: 0 | H26: 0 | I26: 0 | J26: 1 | K26: 0 | L26: 0 | M26: 0 | N26: 0 | O26: 0 | P26: 0 | Q26: 0 | R26: 0 | S26: 0 | T26: 0 | U26: 0 | V26: 0 | W26: 0 | X26: 0 | Y26: 0 | Z26: 1 | AA26: 0 | AB26: 0 | AC26: 0 | AD26: 0 | AE26: 0 | AF26: 0 | AG26: 0 | AH26: =SUBTOTAL(9,C26:AG26) -> 3 | AI26: =AH26/AH24 -> 0.1
A27: Transfer | C27: 0 | D27: 0 | E27: 0 | F27: 0 | G27: 0 | H27: 0 | I27: 0 | J27: 0 | K27: 0 | L27: 0 | M27: 1 | N27: 1 | O27: 0 | P27: 0 | Q27: 0 | R27: 0 | S27: 0 | T27: 1 | U27: 2 | V27: 0 | W27: 0 | X27: 0 | Y27: 0 | Z27: 0 | AA27: 0 | AB27: 0 | AC27: 1 | AD27: 0 | AE27: 0 | AF27: 0 | AG27: 0 | AH27: =SUBTOTAL(9,C27:AG27) -> 6 | AI27: =AH27/AH24 -> 0.2
A28: Set Plate&BUFFER | C28: 0 | D28: 0 | E28: 0 | F28: 3 | G28: 1 | H28: 0 | I28: 0 | J28: 1 | K28: 0 | L28: 0 | M28: 0 | N28: 1 | O28: 1 | P28: 0 | Q28: 0 | R28: 0 | S28: 1 | T28: 1 | U28: 0 | V28: 0 | W28: 3 | X28: 0 | Y28: 0 | Z28: 0 | AA28: 0 | AB28: 0 | AC28: 0 | AD28: 0 | AE28: 0 | AF28: 0 | AG28: 0 | AH28: =SUBTOTAL(9,C28:AG28) -> 12 | AI28: =AH28/AH24 -> 0.4 | AL28: 0 | AM28: 0 | AN28: 0
A29: LD Flow&Middle | C29: 0 | D29: 0 | E29: 0 | F29: 0 | G29: 0 | H29: 0 | I29: 0 | J29: 0 | K29: 0 | L29: 0 | M29: 0 | N29: 0 | O29: 0 | P29: 0 | Q29: 0 | R29: 0 | S29: 0 | T29: 0 | U29: 0 | V29: 0 | W29: 0 | X29: 0 | Y29: 0 | Z29: 0 | AA29: 0 | AB29: 0 | AC29: 0 | AD29: 0 | AE29: 0 | AF29: 0 | AG29: 0 | AH29: =SUBTOTAL(9,C29:AF29) -> 0 | AI29: =AH29/AH24 -> 0
A30: UD Flow&Middle | C30: 0 | D30: 0 | E30: 0 | F30: 0 | G30: 0 | H30: 0 | I30: 0 | J30: 0 | K30: 0 | L30: 0 | M30: 0 | N30: 0 | O30: 0 | P30: 0 | Q30: 0 | R30: 0 | S30: 0 | T30: 0 | U30: 0 | V30: 0 | W30: 0 | X30: 0 | Y30: 0 | Z30: 0 | AA30: 0 | AB30: 0 | AC30: 0 | AD30: 0 | AE30: 0 | AF30: 0 | AG30: 0 | AH30: =SUBTOTAL(9,C30:AG30) -> 0 | AI30: =AH30/AH24 -> 0
A31: INPUT FLOW | C31: 0 | D31: 0 | E31: 0 | F31: 0 | G31: 0 | H31: 0 | I31: 0 | J31: 0 | K31: 0 | L31: 0 | M31: 0 | N31: 0 | O31: 0 | P31: 0 | Q31: 0 | R31: 0 | S31: 0 | T31: 0 | U31: 0 | V31: 0 | W31: 0 | X31: 0 | Y31: 0 | Z31: 0 | AA31: 0 | AB31: 0 | AC31: 0 | AD31: 0 | AE31: 0 | AF31: 0 | AG31: 0 | AH31: =SUBTOTAL(9,C31:AG31) -> 0 | AI31: =AH31/AH24 -> 0
A32: OUTPUT FLOW | C32: 0 | D32: 0 | E32: 0 | F32: 0 | G32: 0 | H32: 0 | I32: 0 | J32: 0 | K32: 0 | L32: 0 | M32: 0 | N32: 0 | O32: 0 | P32: 0 | Q32: 0 | R32: 0 | S32: 0 | T32: 0 | U32: 0 | V32: 0 | W32: 0 | X32: 0 | Y32: 0 | Z32: 0 | AA32: 0 | AB32: 0 | AC32: 0 | AD32: 0 | AE32: 0 | AF32: 0 | AG32: 0 | AH32: =SUBTOTAL(9,C32:AG32) -> 0 | AI32: =AH32/AH24 -> 0
A33: Load Hand | C33: 0 | D33: 1 | E33: 0 | F33: 0 | G33: 0 | H33: 0 | I33: 0 | J33: 1 | K33: 0 | L33: 0 | M33: 0 | N33: 1 | O33: 0 | P33: 0 | Q33: 0 | R33: 0 | S33: 0 | T33: 0 | U33: 0 | V33: 0 | W33: 0 | X33: 0 | Y33: 0 | Z33: 1 | AA33: 0 | AB33: 0 | AC33: 0 | AD33: 0 | AE33: 0 | AF33: 0 | AG33: 0 | AH33: =SUBTOTAL(9,C33:AG33) -> 4 | AI33: =AH33/AH24 -> 0.13333333
A34: Unload Hand | C34: 0 | D34: 0 | E34: 0 | F34: 1 | G34: 0 | H34: 0 | I34: 0 | J34: 0 | K34: 0 | L34: 0 | M34: 0 | N34: 0 | O34: 0 | P34: 0 | Q34: 0 | R34: 0 | S34: 0 | T34: 0 | U34: 0 | V34: 0 | W34: 0 | X34: 0 | Y34: 0 | Z34: 1 | AA34: 1 | AB34: 0 | AC34: 0 | AD34: 0 | AE34: 0 | AF34: 0 | AG34: 0 | AH34: =SUBTOTAL(9,C34:AG34) -> 3 | AI34: =AH34/AH24 -> 0.1
A35: TEST SITE | C35: 0 | D35: 0 | E35: 0 | F35: 0 | G35: 0 | H35: 0 | I35: 0 | J35: 0 | K35: 0 | L35: 0 | M35: 0 | N35: 0 | O35: 0 | P35: 0 | Q35: 0 | R35: 0 | S35: 0 | T35: 2 | U35: 0 | V35: 0 | W35: 0 | X35: 0 | Y35: 0 | Z35: 0 | AA35: 0 | AB35: 0 | AC35: 0 | AD35: 0 | AE35: 0 | AF35: 0 | AG35: 0 | AH35: =SUBTOTAL(9,C35:AG35) -> 2 | AI35: =AH35/AH24 -> 0.066666667
A36: MOTOR | C36: 0 | D36: 0 | E36: 0 | F36: 0 | G36: 0 | H36: 0 | I36: 0 | J36: 0 | K36: 0 | L36: 0 | M36: 0 | N36: 0 | O36: 0 | P36: 0 | Q36: 0 | R36: 0 | S36: 0 | T36: 0 | U36: 0 | V36: 0 | W36: 0 | X36: 0 | Y36: 0 | Z36: 0 | AA36: 0 | AB36: 0 | AC36: 0 | AD36: 0 | AE36: 0 | AF36: 0 | AG36: 0 | AH36: =SUBTOTAL(9,C36:AG36) -> 0 | AI36: =AH36/AH24 -> 0
A37: Total | C37: =SUM(C26:C36) -> 0 | D37: =SUM(D26:D36) -> 1 | E37: =SUM(E26:E36) -> 1 | F37: =SUM(F26:F36) -> 4 | G37: =SUM(G26:G36) -> 1 | H37: =SUM(H26:H36) -> 0 | I37: =SUM(I26:I36) -> 0 | J37: =SUM(J26:J36) -> 3 | ... AG37: =SUM(AG26:AG36) -> 0 | AH37: =SUBTOTAL(9,C37:AG37) -> 30 | AI37: TOTAL QTY JAM
A39: Total | B39: =SUM(B41:B425) -> 147846 | C39: T/Jam | D39: =AH37 -> 30 | E39: PPJ | F39: =AI25 -> 4928.2 | G39: BIN 4 | H39: =#REF! -> #REF!
A40: Date | B40: Total Unit | C40: No Jam | D40: Error code | F40: Error Massage | O40: Finding/Action | W40: Err. Time | X40: Err. Point
F42: =IFERROR(VLOOKUP(D42,ErrorList!$A$1:$C$2305,3,FALSE),"-") -> - | X42: =IFERROR(VLOOKUP(D42,ErrorList!$A$1:$C$2305,2,FALSE),"-") -> -
F43: =IFERROR(VLOOKUP(D43,ErrorList!$A$1:$C$2305,3,FALSE),"-") -> - | X43: =IFERROR(VLOOKUP(D43,ErrorList!$A$1:$C$2305,2,FALSE),"-") -> -
F44: =IFERROR(VLOOKUP(D44,ErrorList!$A$1:$C$2305,3,FALSE),"-") -> - | X44: =IFERROR(VLOOKUP(D44,ErrorList!$A$1:$C$2305,2,FALSE),"-") -> -
F45: =IFERROR(VLOOKUP(D45,ErrorList!$A$1:$C$2305,3,FALSE),"-") -> - | X45: =IFERROR(VLOOKUP(D45,ErrorList!$A$1:$C$2305,2,FALSE),"-") -> -
F46: =IFERROR(VLOOKUP(D46,ErrorList!$A$1:$C$2305,3,FALSE),"-") -> - | X46: =IFERROR(VLOOKUP(D46,ErrorList!$A$1:$C$2305,2,FALSE),"-") -> -
A47: 46118 | F47: =IFERROR(VLOOKUP(D47,ErrorList!$A$1:$C$2305,3,FALSE),"-") -> - | X47: =IFERROR(VLOOKUP(D47,ErrorList!$A$1:$C$2305,2,FALSE),"-") -> -
F48: =IFERROR(VLOOKUP(D48,ErrorList!$A$1:$C$2305,3,FALSE),"-") -> -
F49: =IFERROR(VLOOKUP(D49,ErrorList!$A$1:$C$2305,3,FALSE),"-") -> -
F50: =IFERROR(VLOOKUP(D50,ErrorList!$A$1:$C$2305,3,FALSE),"-") -> -
F51: =IFERROR(VLOOKUP(D51,ErrorList!$A$1:$C$2305,3,FALSE),"-") -> -
F52: =IFERROR(VLOOKUP(D52,ErrorList!$A$1:$C$2305,3,FALSE),"-") -> -
F53: =IFERROR(VLOOKUP(D53,ErrorList!$A$1:$C$2305,3,FALSE),"-") -> -
F54: =IFERROR(VLOOKUP(D54,ErrorList!$A$1:$C$2305,3,FALSE),"-") -> -
A55: 46173 | B55: 0 | F55: =IFERROR(VLOOKUP(D55,ErrorList!$A$1:$C$2305,3,FALSE),"-") -> -
A56: 46172 | B56: 0 | F56: =IFERROR(VLOOKUP(D56,ErrorList!$A$1:$C$2305,3,FALSE),"-") -> -
A57: 46171 | B57: 2475 | F57: =IFERROR(VLOOKUP(D57,ErrorList!$A$1:$C$2305,3,FALSE),"-") -> -
A58: 46170 | B58: 180 | F58: =IFERROR(VLOOKUP(D58,ErrorList!$A$1:$C$2305,3,FALSE),"-") -> -
A59: 46169 | B59: 11999 | D59: 18002 | E59: 1 | F59: =IFERROR(VLOOKUP(D59,ErrorList!$A$1:$C$2305,3,FALSE),"-") -> Load Transfer C-Tray 방향 체크에 실패 하였습니다. | O59: 작업자 Human Err.로 인한 발생으로, C-tray 재투입 후 미발생. | W59: 0.69791667 | X59: =IFERROR(VLOOKUP(D59,ErrorList!$A$1:$C$2305,2,FALSE),"-") -> [TRANSFER]
A60: 46168 | B60: 0 | F60: =IFERROR(VLOOKUP(D60,ErrorList!$A$1:$C$2305,3,FALSE),"-") -> -
A61: 46167 | B61: 9993 | D61: 34085 | E61: 1 | F61: =IFERROR(VLOOKUP(D61,ErrorList!$A$1:$C$2305,3,FALSE),"-") -> Unloader Picker Module Clamp Cylinder #7 Sol 동작이 실패 하였습니다. | O61: 3번 tray 12번 insert 확인 결과 이상없음 재현시에도 특이사항 없어 단발성 error로 판단 되며 재발생 시 점검 예정 | W61: 0.014583333 | X61: =IFERROR(VLOOKUP(D61,ErrorList!$A$1:$C$2305,2,FALSE),"-") -> [UNLOAD_HAND]
A62: 46166 | B62: 12156 | D62: 25061 | E62: 1 | F62: =IFERROR(VLOOKUP(D62,ErrorList!$A$1:$C$2305,3,FALSE),"-") -> Load Picker Module Unclamp Cylinder #7 Sol 동작이 실패 하였습니다. | O62: T-tray front1 내려놓을 때 발생 발생당시 근무자 인터뷰 결과 insert 안착 불량으로 x값 teaching 진행 | W62: 0.58888889 | X62: =IFERROR(VLOOKUP(D62,ErrorList!$A$1:$C$2305,2,FALSE),"-") -> [LOAD_HAND]
D63: 2220 | E63: 1 | F63: =IFERROR(VLOOKUP(D63,ErrorList!$A$1:$C$2305,3,FALSE),"-") -> LD#2 Stacker Manual C-Tray Front Stopper Check 센서가 감지되지 않았습니다. | O63: 작업자 재투입 시 이상없음 현재까지 단발성으로 보여 재발생 시 인버터 조정하여 속도 조절 예정 | W63: 0.36458333 | X63: =IFERROR(VLOOKUP(D63,ErrorList!$A$1:$C$2305,2,FALSE),"-") -> [STACKER]
D64: 35071 | E64: 1 | F64: =IFERROR(VLOOKUP(D64,ErrorList!$A$1:$C$2305,3,FALSE),"-") -> Unload Picker Module Cylinder #1 Down Sol 동작이 실패 하였습니다. | O64: Reject stacker로 C-tray 투입 시 90도 돌려 투입하여 ULD1 set plate에 잘못올라옴 휴먼에러 | W64: 0.35138889 | X64: =IFERROR(VLOOKUP(D64,ErrorList!$A$1:$C$2305,2,FALSE),"-") -> [UNLOAD_HAND]
A65: 46165 | B65: 505 | F65: =IFERROR(VLOOKUP(D65,ErrorList!$A$1:$C$2305,3,FALSE),"-") -> - | X65: =IFERROR(VLOOKUP(D65,ErrorList!$A$1:$C$2305,2,FALSE),"-") -> -
A66: 46164 | B66: 2774 | F66: =IFERROR(VLOOKUP(D66,ErrorList!$A$1:$C$2305,3,FALSE),"-") -> - | X66: =IFERROR(VLOOKUP(D66,ErrorList!$A$1:$C$2305,2,FALSE),"-") -> -
A67: 46163 | B67: 7836 | D67: 42617 | E67: 2 | F67: =IFERROR(VLOOKUP(D67,ErrorList!$A$1:$C$2305,3,FALSE),"-") -> ULD#2 Set-Plate Z-Axis Up Sensor 센서가 감지되지 않았습니다. | O67: U/D transfer z축, x축 미세티칭, Align pin 7파이에서 6파이로 교체 후 모니터링 진행 | W67: 16:56, 17:27 | X67: =IFERROR(VLOOKUP(D67,ErrorList!$A$1:$C$2305,2,FALSE),"-") -> [SETPLATE_BUFFER]
A68: 46163 | D68: 42601 | E68: 1 | F68: =IFERROR(VLOOKUP(D68,ErrorList!$A$1:$C$2305,3,FALSE),"-") -> LD#2 Set-Plate Z-Axis Up Sensor 센서가 감지되지 않았습니다. | O68: 단발성으로 보여지며 이후 가동 시 문제없고 현장에서 재현해보려 매뉴얼로 움직였을 때 에도 특이사항 없었음 | W68: 0.16458333 | X68: =IFERROR(VLOOKUP(D68,ErrorList!$A$1:$C$2305,2,FALSE),"-") -> [SETPLATE_BUFFER]
A69: 46162 | B69: 1174 | F69: =IFERROR(VLOOKUP(D69,ErrorList!$A$1:$C$2305,3,FALSE),"-") -> - | X69: =IFERROR(VLOOKUP(D69,ErrorList!$A$1:$C$2305,2,FALSE),"-") -> -
A70: 46161 | B70: 3431 | D70: 18002 | E70: 2 | F70: =IFERROR(VLOOKUP(D70,ErrorList!$A$1:$C$2305,3,FALSE),"-") -> Load Transfer C-Tray 방향 체크에 실패 하였습니다. | O70: 작업자 Human Err.로 인한 발생으로, C-tray 재투입 후 미발생. | W70: 04:34,04:44 | X70: =IFERROR(VLOOKUP(D70,ErrorList!$A$1:$C$2305,2,FALSE),"-") -> [TRANSFER]
A71: 46160 | B71: 14455 | D71: 18002 | E71: 1 | F71: =IFERROR(VLOOKUP(D71,ErrorList!$A$1:$C$2305,3,FALSE),"-") -> Load Transfer C-Tray 방향 체크에 실패 하였습니다. | O71: ULD TRANSFER SIDE GUIDE 교체 시 점검 예정. | W71: 0.91388889 | X71: =IFERROR(VLOOKUP(D71,ErrorList!$A$1:$C$2305,2,FALSE),"-") -> [TRANSFER]
D72: 42617 | E72: 1 | F72: =IFERROR(VLOOKUP(D72,ErrorList!$A$1:$C$2305,3,FALSE),"-") -> ULD#2 Set-Plate Z-Axis Up Sensor 센서가 감지되지 않았습니다. | O72: ULD TRANSFER SIDE GUIDE 교체 시 점검 예정. | W72: 0.90138889 | X72: =IFERROR(VLOOKUP(D72,ErrorList!$A$1:$C$2305,2,FALSE),"-") -> [SETPLATE_BUFFER]
D73: 70940 | E73: 1 | F73: =IFERROR(VLOOKUP(D73,ErrorList!$A$1:$C$2305,3,FALSE),"-") -> Rear Test Site Top Tray Lp-cam Insert Front Rotation Check 센서가 감지되었습니다. | O73: Insert 확인 시 완전히 안닫힌 insert 발견하여 재조립 당일 전 T-tray 힌지 부 고정 Block Bolt +로 교체 | W73: 0.62569444 | X73: =IFERROR(VLOOKUP(D73,ErrorList!$A$1:$C$2305,2,FALSE),"-") -> [TEST_SITE]
D74: 78009 | E74: 1 | F74: =IFERROR(VLOOKUP(D74,ErrorList!$A$1:$C$2305,3,FALSE),"-") -> Tester Server 통신 Serial ID Error 발생하엿습니다. | O74: tester 오류로 testrt PGM 재부팅 후 재가동 | W74: 0.23472222 | X74: =IFERROR(VLOOKUP(D74,ErrorList!$A$1:$C$2305,2,FALSE),"-") -> [TEST_SITE]
A75: 46159 | B75: 5341 | D75: 42617 | E75: 1 | F75: =IFERROR(VLOOKUP(D75,ErrorList!$A$1:$C$2305,3,FALSE),"-") -> ULD#2 Set-Plate Z-Axis Up Sensor 센서가 감지되지 않았습니다. | O75: ULD TRANSFER SIDE GUIDE 교체 시 점검 예정. | W75: 0.72916667 | X75: =IFERROR(VLOOKUP(D75,ErrorList!$A$1:$C$2305,2,FALSE),"-") -> [SETPLATE_BUFFER]
A76: 46158 | B76: 0 | F76: =IFERROR(VLOOKUP(D76,ErrorList!$A$1:$C$2305,3,FALSE),"-") -> - | X76: =IFERROR(VLOOKUP(D76,ErrorList!$A$1:$C$2305,2,FALSE),"-") -> -
A77: 46157 | B77: 367 | F77: =IFERROR(VLOOKUP(D77,ErrorList!$A$1:$C$2305,3,FALSE),"-") -> - | X77: =IFERROR(VLOOKUP(D77,ErrorList!$A$1:$C$2305,2,FALSE),"-") -> -
A78: 46156 | B78: 0 | F78: =IFERROR(VLOOKUP(D78,ErrorList!$A$1:$C$2305,3,FALSE),"-") -> - | X78: =IFERROR(VLOOKUP(D78,ErrorList!$A$1:$C$2305,2,FALSE),"-") -> -
A79: 46155 | B79: 4450 | D79: 42617 | E79: 1 | F79: =IFERROR(VLOOKUP(D79,ErrorList!$A$1:$C$2305,3,FALSE),"-") -> ULD#2 Set-Plate Z-Axis Up Sensor 센서가 감지되지 않았습니다. | O79: ULD TRANSFER SIDE GUIDE 교체 시 점검 예정. | W79: 0.61944444 | X79: =IFERROR(VLOOKUP(D79,ErrorList!$A$1:$C$2305,2,FALSE),"-") -> [SETPLATE_BUFFER]
A80: 46154 | B80: 15401 | D80: 42609 | E80: 1 | F80: =IFERROR(VLOOKUP(D80,ErrorList!$A$1:$C$2305,3,FALSE),"-") -> ULD#1 Set-Plate Z-Axis Up Sensor 센서가 감지되지 않았습니다. | O80: ULD TRANSFER SIDE GUIDE 교체 시 점검 예정. | W80: 0.775 | X80: =IFERROR(VLOOKUP(D80,ErrorList!$A$1:$C$2305,2,FALSE),"-") -> [SETPLATE_BUFFER]
D81: 25061 | E81: 1 | F81: =IFERROR(VLOOKUP(D81,ErrorList!$A$1:$C$2305,3,FALSE),"-") -> Load Picker Module Unclamp Cylinder #7 Sol 동작이 실패 하였습니다. | O81: log확인하여 해당 T-tray insert 확인 및 이상없음 확인 현상 재현 시에도 이상이 없어 재발생 시 점검예정 | W81: 0.56736111 | X81: =IFERROR(VLOOKUP(D81,ErrorList!$A$1:$C$2305,2,FALSE),"-") -> [LOAD_HAND]
D82: 18002 | E82: 1 | F82: =IFERROR(VLOOKUP(D82,ErrorList!$A$1:$C$2305,3,FALSE),"-") -> Load Transfer C-Tray 방향 체크에 실패 하였습니다. | O82: 작업자 Human Err.로 인한 발생으로, C-tray 재투입 후 미발생. | W82: 0.22013889 | X82: =IFERROR(VLOOKUP(D82,ErrorList!$A$1:$C$2305,2,FALSE),"-") -> [TRANSFER]
A83: 46153 | B83: 8178 | D83: 18002 | E83: 1 | F83: =IFERROR(VLOOKUP(D83,ErrorList!$A$1:$C$2305,3,FALSE),"-") -> Load Transfer C-Tray 방향 체크에 실패 하였습니다. | O83: 작업자 Human Err.로 인한 발생으로, C-tray 재투입 후 미발생. | W83: 0.99305556 | X83: =IFERROR(VLOOKUP(D83,ErrorList!$A$1:$C$2305,2,FALSE),"-") -> [TRANSFER]
D84: 4028 | E84: 1 | F84: =IFERROR(VLOOKUP(D84,ErrorList!$A$1:$C$2305,3,FALSE),"-") -> ReJect Stacker Rear Base Guide UP Sol 동작이 실패 하였습니다. | O84: Cyl. 속도 조정 | W84: 0.87430556 | X84: =IFERROR(VLOOKUP(D84,ErrorList!$A$1:$C$2305,2,FALSE),"-") -> [STACKER]
A85: 46152 | B85: 19 | F85: =IFERROR(VLOOKUP(D85,ErrorList!$A$1:$C$2305,3,FALSE),"-") -> - | X85: =IFERROR(VLOOKUP(D85,ErrorList!$A$1:$C$2305,2,FALSE),"-") -> -
A86: 46151 | B86: 1490 | F86: =IFERROR(VLOOKUP(D86,ErrorList!$A$1:$C$2305,3,FALSE),"-") -> - | X86: =IFERROR(VLOOKUP(D86,ErrorList!$A$1:$C$2305,2,FALSE),"-") -> -
A87: 46150 | B87: 15510 | D87: 28003 | E87: 1 | F87: =IFERROR(VLOOKUP(D87,ErrorList!$A$1:$C$2305,3,FALSE),"-") -> 모듈 바코드를 정상적으로 읽지 못하였습니다. | O87: LABEL 부착 상이함. HUMAN ERR. | W87: 0.35277778 | X87: =IFERROR(VLOOKUP(D87,ErrorList!$A$1:$C$2305,2,FALSE),"-") -> [LOAD_HAND]
D88: 2172 | E88: 1 | F88: =IFERROR(VLOOKUP(D88,ErrorList!$A$1:$C$2305,3,FALSE),"-") -> LD#1 Stacker Manual C-Tray Front Stopper Check 센서가 감지되지 않았습니다. | O88: 생산 작업자 LOT 투입 시 C-TRAY 제대로 밀어넣지 않음. HUMAN ERR. | W88: 0.15347222 | X88: =IFERROR(VLOOKUP(D88,ErrorList!$A$1:$C$2305,2,FALSE),"-") -> [STACKER]
D89: 42617 | E89: 1 | F89: =IFERROR(VLOOKUP(D89,ErrorList!$A$1:$C$2305,3,FALSE),"-") -> ULD#2 Set-Plate Z-Axis Up Sensor 센서가 감지되지 않았습니다. | O89: ULD TRANSFER SIDE GUIDE 교체 시 점검 예정. | W89: 0.14791667 | X89: =IFERROR(VLOOKUP(D89,ErrorList!$A$1:$C$2305,2,FALSE),"-") -> [SETPLATE_BUFFER]
A90: 46149 | B90: 0 | F90: =IFERROR(VLOOKUP(D90,ErrorList!$A$1:$C$2305,3,FALSE),"-") -> - | X90: =IFERROR(VLOOKUP(D90,ErrorList!$A$1:$C$2305,2,FALSE),"-") -> -
A91: 46148 | B91: 0 | F91: =IFERROR(VLOOKUP(D91,ErrorList!$A$1:$C$2305,3,FALSE),"-") -> - | X91: =IFERROR(VLOOKUP(D91,ErrorList!$A$1:$C$2305,2,FALSE),"-") -> -
A92: 46147 | B92: 687 | D92: 42617 | E92: 1 | F92: =IFERROR(VLOOKUP(D92,ErrorList!$A$1:$C$2305,3,FALSE),"-") -> ULD#2 Set-Plate Z-Axis Up Sensor 센서가 감지되지 않았습니다. | O92: ULD TRANSFER SIDE GUIDE 교체 시 점검 예정. | W92: 0.95625 | X92: =IFERROR(VLOOKUP(D92,ErrorList!$A$1:$C$2305,2,FALSE),"-") -> [SETPLATE_BUFFER]
A93: 46146 | B93: 17417 | D93: 35079 | E93: 1 | F93: =IFERROR(VLOOKUP(D93,ErrorList!$A$1:$C$2305,3,FALSE),"-") -> Unloader Picker Module Unclamp Cylinder #1 Sol 동작이 실패 하였습니다. | O93: ULD TRANSFER SIDE GUIDE 파손으로 C-TRAY 운반하여 SET PLATE 안착불량 발생하였고 C-TRAY 틀어짐으로 ULD HAND 자재 SORTING 시 발생. ULD SET PLATE 점검 시 확인 예정. | W93: 0.13472222 | X93: =IFERROR(VLOOKUP(D93,ErrorList!$A$1:$C$2305,2,FALSE),"-") -> [UNLOAD_HAND]
D94: 42617 | E94: 1 | F94: =IFERROR(VLOOKUP(D94,ErrorList!$A$1:$C$2305,3,FALSE),"-") -> ULD#2 Set-Plate Z-Axis Up Sensor 센서가 감지되지 않았습니다. | O94: 우익 측 ULD TRANSFER SIDE GUIDE 파손 된 상태에서 임시 조치하여 가동중. 해당 부분으로 인해 C-TRAY PICK UP 시 좌우 틀어짐으로 발생 추정. 해당 PART 관련 우익 측 문의 진행. PART 교체 후 점검 예정. | W94: 0.60625 | X94: =IFERROR(VLOOKUP(D94,ErrorList!$A$1:$C$2305,2,FALSE),"-") -> [SETPLATE_BUFFER]
D95: 42593 | E95: 1 | F95: =IFERROR(VLOOKUP(D95,ErrorList!$A$1:$C$2305,3,FALSE),"-") -> LD#1 Set-Plate Z-Axis Up Sensor 센서가 감지되지 않았습니다. | O95: LD1 SET PLATE C-TRAY 안착 불량. SLH1#5,6,6 호기 D.O.E 및 QUAL 이후 일정 수립하여 점검 예정. | W95: 0.17152778 | X95: =IFERROR(VLOOKUP(D95,ErrorList!$A$1:$C$2305,2,FALSE),"-") -> [SETPLATE_BUFFER]
D96: 42601 | E96: 1 | F96: =IFERROR(VLOOKUP(D96,ErrorList!$A$1:$C$2305,3,FALSE),"-") -> LD#2 Set-Plate Z-Axis Up Sensor 센서가 감지되지 않았습니다. | O96: LD1 SET PLATE C-TRAY 안착 불량. SLH1#5,6,7 호기 D.O.E 및 QUAL 이후 일정 수립하여 점검 예정. | W96: 0.019444444 | X96: =IFERROR(VLOOKUP(D96,ErrorList!$A$1:$C$2305,2,FALSE),"-") -> [SETPLATE_BUFFER]
A97: 46145 | B97: 4008 | D97: 2270 | E97: 1 | F97: =IFERROR(VLOOKUP(D97,ErrorList!$A$1:$C$2305,3,FALSE),"-") -> ReJect Stacker S-DIMM Stopper Check 센서가 감지되지 않았습니다. | O97: 작업자 Human Err.로 인한 발생으로, C-tray 재투입 후 미발생. | X97: =IFERROR(VLOOKUP(D97,ErrorList!$A$1:$C$2305,2,FALSE),"-") -> [STACKER]
A98: 46144 | B98: 6329 | D98: 28014 | E98: 1 | F98: =IFERROR(VLOOKUP(D98,ErrorList!$A$1:$C$2305,3,FALSE),"-") -> Hand Module is exist. Check the Exist Sensor. | O98: 단발성으로 보여지며, Retry 시 정상 pick 완료. 모니터링 진행하였으나, 재발생하지 않음. | X98: =IFERROR(VLOOKUP(D98,ErrorList!$A$1:$C$2305,2,FALSE),"-") -> [LOAD_HAND]
A99: 46143 | B99: 1671 | C99: 0 | E99: 0 | F99: =IFERROR(VLOOKUP(D99,ErrorList!$A$1:$C$2305,3,FALSE),"-") -> - | X99: =IFERROR(VLOOKUP(D99,ErrorList!$A$1:$C$2305,2,FALSE),"-") -> -

Sheet ErrorList
A1: 32 | B1: [STACKER] | C1: Loader#1 VALID 센서가 감지되었습니다.
A2: 33 | B2: [STACKER] | C2: Loader#1 PIO CS_0 센서가 감지되었습니다.
A3: 34 | B3: [STACKER] | C3: Loader#1 PIO CS_1 센서가 감지되었습니다.
A4: 35 | B4: [STACKER] | C4: Loader#1 PIO CS_2 센서가 감지되었습니다.
A5: 36 | B5: [STACKER] | C5: Loader#1 PIO CS_3 센서가 감지되었습니다.
A6: 37 | B6: [STACKER] | C6: Loader#1 PIO TR_REQ 센서가 감지되었습니다.
A7: 38 | B7: [STACKER] | C7: Loader#1 PIO BUSY 센서가 감지되었습니다.
A8: 39 | B8: [STACKER] | C8: Loader#1 PIO COMPLETE 센서가 감지되었습니다.
A9: 40 | B9: [STACKER] | C9: Loader#2 VALID 센서가 감지되었습니다.
A10: 41 | B10: [STACKER] | C10: Loader#2 PIO CS_0 센서가 감지되었습니다.
A11: 42 | B11: [STACKER] | C11: Loader#2 PIO CS_1 센서가 감지되었습니다.
A12: 43 | B12: [STACKER] | C12: Loader#2 PIO CS_2 센서가 감지되었습니다.
... A2305: 118030 | B2305: [ETC] | C2305: Ionizer Flow Meter 값이 기준치 이하입니다.
